<?xml version="1.0" encoding="UTF-8"?>
<addon id="plugin.video.weeb.tv"
       version="0.3.0"
       name="WeebTv"
       provider-name="WeebTv [ http://weeb.tv ]">
    <requires>
        <import addon="xbmc.python" version="3.0.0"/>
    </requires>
    <extension point="xbmc.python.pluginsource" library="addon.py">
        <provides>video</provides>
    </extension>
    <extension point="xbmc.addon.metadata">
        <summary lang="en">Weeb.Tv - Internet television, online tv</summary>
        <summary lang="pl">Weeb.Tv - Telewizja przez Internet</summary>
        <description lang="en">Popular channels, live, 24 hours on your computer screen.</description>
		<description lang="pl">Popularne kanały, na żywo, 24h na ekranie Twojego komputera.</description>
		<disclaimer lang="en">Watch popular channels on your computer monitor, transmitting by users from all over the world.</disclaimer>
		<disclaimer lang="pl">Oglądaj popularne kanały na monitorze Twojego komputera, transmitowane przez użytkowników z całego świata.</disclaimer>
		<platform>all</platform>
        <language>en pl</language>
		<license>COMMON PUBLIC LICENSE (CPL) VERSION 1.0, 16 Apr 2009</license>
		<website>http://weeb.tv/</website>
		<email>tv@weeb.tv</email>
        <assets>
            <icon>icon.png</icon>
            <fanart>fanart.jpg</fanart>
        </assets>
        <news>
            v0.3.0
- Updated plugin to Python 3
- Video protocol changed to HLS

v0.2.0~beta2
- removed XBMC_PLAYER_CORE_OPTIONS, because is no longer working with Kodi v17
- addon description changes

v0.2.0~beta
- preparation to main release

v0.1.44
- all url requests include now version of plugin
- small fix with referenced before assignment (title)
- removed class Messages
- auto reconnect improvements
- removed unused code
- add license information
- minor fixes and  improvements

v0.1.4
- removed class InitPlayer, moved all to VideoPlayer class
- minor changes in user settings
 - add preferable video quality (low, standard or high)
 - add more channel list views
 - add auto reconnect option for video player (2)
- changes in translations for en/pl
- try load simplejson as json if error try load json (some xbmc release do not have simplejson)
- minor fixes
- removed unused code
- add optional="true" for all addon.xml requires

v0.1.33
- pl translation fix
- python require version change to min. 2.1.0

v0.1.32
- small fix with view change, when from menu main we going to channels list and icon view is changing to channel list, but sometimes we seen this change on icons in main menu

v0.1.31
- internal number version of plugin fix
        </news>
    </extension>
</addon>
